"id","__typename","commanderColors","commanderName","cost","createdAt","deckName","deckOwnerId","deckType","isInactive","link","secondCommanderColors","secondCommanderName","updatedAt"
"9f162e50-a9f3-41ab-b134-83a46e657b13","Deck","[{""S"":""W""},{""S"":""B""}]","Teysa Karlov","299.3","2024-10-02T20:20:40.476Z","""It's Not A Phase, Dad""","5418b488-7011-70d3-8019-f8371fd77a96","constructed","false","https://www.moxfield.com/decks/YS_Q8Gzwdkax_bb-sDmTYw","null","null","2024-10-02T20:20:40.476Z"
"62b9bb0d-a329-4371-9098-702a1647e990","Deck","[{""S"":""B""},{""S"":""U""},{""S"":""R""}]","""Wick, the Whorled Mind""","297.76","2024-07-30T19:53:26.613Z","ain't no rest for the wick'd","6408b468-e0c1-70a5-43d2-7c6fba08aabc","constructed","false","https://www.moxfield.com/decks/s4vsp2i-MUmfIDFFoRvOYA","","","2024-10-22T18:16:23.150Z"
"971e723e-4b03-4a96-95fb-f1f5522a02e5","Deck","[{""S"":""B""},{""S"":""R""}]","Rivaz of the Claw","286.46","2024-06-14T05:08:39.271Z","Dragons go brrrrt","041844a8-c0a1-70de-2d24-4636783c00b6","constructed","","https://www.moxfield.com/decks/Y5Vrpk9UAEG_OvPpCalz9w","","","2024-06-23T22:41:03.437Z"
"9b00a4fc-d176-4d4f-9647-c2b2ddfddf36","Deck","[{""S"":""W""}]","""Thalia, Guardian of Thraben""","299.67","2024-06-19T14:15:55.454Z","Step on me","14383488-90b1-709f-0498-f0d0b40467d4","constructed","","https://archidekt.com/decks/8084799","null","null","2024-06-19T14:15:55.454Z"
"9e65138a-5496-4cf3-9529-e162b08ae332","Deck","[{""S"":""W""},{""S"":""R""},{""S"":""G""}]","""Hazezon, Shaper of Sand""","","2025-03-04T03:31:01.439Z","lead them to paradise","143864a8-b031-70b2-c7ca-d1875a01f229","constructed","false","https://moxfield.com/decks/TJ4t6EfZC0inlPv-_Ze__w","null","null","2025-03-04T03:31:01.439Z"
"381336db-4f03-4c63-9868-72bc320dd532","Deck","[{""S"":""W""},{""S"":""B""},{""S"":""U""}]","""Aminatou, Veil Piercer""","","2024-10-22T01:11:17.765Z","New Aminatou Precon","54d81468-a081-700a-f2ff-ec4e51f98872","precon","false","","null","null","2024-10-22T01:11:17.765Z"
"25e5c40b-f4f8-444f-b743-6833d93a5232","Deck","[{""S"":""W""},{""S"":""B""}]","""Clavileño, First of the Blessed""","87.66","2024-05-18T01:51:08.425Z","Blood Rites","5418b488-7011-70d3-8019-f8371fd77a96","precon","","https://www.moxfield.com/decks/x6yL8aKmrE-e8J27vhYyNw","","","2024-05-18T01:51:08.425Z"
"afd96f9b-7aa8-4bb6-b5a2-3cc7f665fa44","Deck","[{""S"":""G""}]","""Greensleeves, Maro-Sorcerer""","290","2024-05-26T23:12:40.798Z","BADGERS [RETIRED]","64189478-c031-7070-79c1-8afe9e6143f0","constructed","true","https://www.moxfield.com/decks/e7x5vZ19ek-_VBkvd0TzvQ","","","2025-01-31T05:09:31.064Z"
"5de3082e-4943-478f-a98a-5cc80b4d38b2","Deck","[{""S"":""W""},{""S"":""B""},{""S"":""U""},{""S"":""R""},{""S"":""G""}]","""Ulalek, Fused Atrocity""","141.55","2024-09-28T03:23:55.339Z","Eldrazi Incursion","5418b488-7011-70d3-8019-f8371fd77a96","precon","","https://www.moxfield.com/decks/guLGf5HBmUyrqbttAnng-A","null","null","2024-09-28T03:23:55.339Z"
"1b66a4ff-a57e-4e74-91d1-5ba6a13e4458","Deck","[{""S"":""W""},{""S"":""G""}]","Sergeant John Benton","298.76","2024-05-17T15:44:53.339Z","John Levene's Combat Extravaganza","6408b468-e0c1-70a5-43d2-7c6fba08aabc","constructed","","https://www.moxfield.com/decks/UC1_TbT6E0KBBHO-aflH3g","","","2024-08-09T19:52:47.339Z"
"e14f5f2f-6a2e-495f-b71b-f117b29eac3a","Deck","[{""S"":""B""},{""S"":""R""},{""S"":""G""}]","""Henzie """"Toolbox"""" Torre""","294.61","2024-05-17T15:45:15.001Z","Henzie's Box o' Goons","6408b468-e0c1-70a5-43d2-7c6fba08aabc","constructed","true","https://www.moxfield.com/decks/vfCEjIxUPk-7W-88YX-W7A","","","2024-10-02T19:50:22.690Z"
"741a373b-913a-41e6-906d-1461f115ba64","Deck","[{""S"":""R""}]","""Toralf, God of Fury // Toralf's Hammer""","118.97","2025-01-28T02:38:45.947Z","God of Excess","c408e4e8-9071-705d-a9a5-3446814c84e3","constructed","false","https://moxfield.com/decks/owen-is-an-idiot","","","2025-01-31T17:53:27.967Z"
"fba8470e-521d-4edc-8008-07e376fa47f2","Deck","[{""S"":""R""},{""S"":""G""}]","""Meria, Scholar of Antiquity""","","2024-05-19T15:40:19.158Z","Gruul Equipment Voltron","14383488-90b1-709f-0498-f0d0b40467d4","constructed","","","null","null","2024-05-19T15:40:19.158Z"
"0da2b3a3-5000-4e47-8afc-a8447305ae09","Deck","[{""S"":""W""},{""S"":""B""},{""S"":""U""}]","Sidar Jabari of Zhalfir","80.52","2024-05-18T01:51:51.765Z","Cavalry Charge","5418b488-7011-70d3-8019-f8371fd77a96","precon","","https://www.moxfield.com/decks/7uPKjPTRQEKkqv3gdyFqrQ","","","2024-05-18T01:51:51.765Z"
"9a9d96de-6228-4756-8647-3ea1cfa9c650","Deck","[{""S"":""U""}]","""Urza, Lord High Artificer""","","2024-05-19T13:15:07.260Z","I miss urza","c41874c8-10b1-70d1-e212-e8e3afbec40b","constructed","","https://www.moxfield.com/decks/25KHPVGcKUGAqTUKIIpIJg","null","null","2024-05-19T13:15:07.260Z"
"b5d21a68-86df-4940-afe7-c5b0b681ed2f","Deck","[{""S"":""B""},{""S"":""U""}]","""Alela, Cunning Conqueror""","448","2024-09-09T00:33:19.870Z","Fae Unranked","64189478-c031-7070-79c1-8afe9e6143f0","none","true","https://moxfield.com/decks/R85eawt65EqAioXt3puQKA","","","2025-02-21T01:28:12.666Z"
"e14da347-acb7-41f0-b98e-fdab9b2d5744","Deck","[{""S"":""B""},{""S"":""U""},{""S"":""R""}]","""Davros, Dalek Creator""","","2024-05-19T16:28:04.508Z","Masters of Evil","041844a8-c0a1-70de-2d24-4636783c00b6","precon","","","null","null","2024-05-19T16:28:04.508Z"
"a4c228f7-b18b-4a28-80b1-329d485968a2","Deck","[{""S"":""B""},{""S"":""R""}]","""Kardur, Doomscourge""","","2024-10-01T01:32:03.000Z","Chaos Incarnate","c408e4e8-9071-705d-a9a5-3446814c84e3","precon","true","https://moxfield.com/decks/owen-is-an-idiot","","","2025-01-28T02:55:30.876Z"
"353e308f-03d9-42e7-a9a0-18bd42b7c20c","Deck","[{""S"":""G""}]","""Selvala, Heart of the Wilds""","","2024-05-19T16:25:54.250Z","Selvala Doinks","c41874c8-10b1-70d1-e212-e8e3afbec40b","constructed","","","null","null","2024-05-19T16:25:54.250Z"
"64430768-e26e-4680-9708-120e78d2f5dd","Deck","[{""S"":""R""},{""S"":""G""}]","""Vrondiss, Rage of Ancients""","","2024-05-18T18:52:07.580Z","Dargon","f4a89468-90b1-70be-7c2c-cc7f852c5a5d","precon","","","null","null","2024-05-18T18:52:07.580Z"
"eec3891c-2e1c-48fe-bdb1-b0a6db1f0696","Deck","[{""S"":""U""}]","""Haldan, Avid Arcanist""","16.33","2024-12-04T02:05:46.816Z","let's play fetch","6408b468-e0c1-70a5-43d2-7c6fba08aabc","05e144bc-397d-4033-80c0-420c6719d84c","false","https://www.moxfield.com/decks/WL9hbj7dl0a148WyJQ3c9g","[{""S"":""R""},{""S"":""G""}]","""Pako, Arcane Retriever""","2024-12-17T02:50:32.388Z"
"60228cea-c28f-4add-b03a-6f2efec202d1","Deck","[{""S"":""W""},{""S"":""B""},{""S"":""R""}]","Edgar Markov","1795.64","2024-10-18T01:30:25.277Z","elden ring vamp squad","6408b468-e0c1-70a5-43d2-7c6fba08aabc","none","false","https://www.moxfield.com/decks/L4soTuicM0-t5WLCFpvhFg","null","null","2024-10-18T01:30:25.277Z"
"ae36079b-cbf1-4e70-b413-5420f7141b09","Deck","[{""S"":""R""},{""S"":""G""}]","""Samut, Vizier of Naktamun""","","2024-05-29T01:17:45.316Z","RG Haste [Retired]","c4a8a4f8-0081-706e-b81b-09be8c6a6318","constructed","true","https://www.moxfield.com/decks/bVzNfOgPlEKmd2hiThy-gw","","","2024-10-02T20:18:00.931Z"
"6ee12394-95a1-4e5a-8f98-e75351f969dc","Deck","[{""S"":""B""},{""S"":""U""}]","""Alela, Cunning Conqueror""","40","2024-05-17T20:25:19.132Z","Fae Dominion [RETIRED]","64189478-c031-7070-79c1-8afe9e6143f0","precon","true","https://www.moxfield.com/decks/9JCROhq8BUK_OqZ8HDYK0Q","","","2025-01-31T05:09:48.629Z"
"86c33393-a8e1-4588-a395-b776bb52f85a","Deck","[{""S"":""G""}]","""Wilson, Refined Grizzly""","","2025-02-06T02:07:15.971Z","Wi1$on","64989468-d081-705d-b3b5-ee33813fbefe","05e144bc-397d-4033-80c0-420c6719d84c","false","https://moxfield.com/decks/p1aArIXpDk6XRcFBIs2M9Q","null","null","2025-02-06T02:07:15.971Z"
"e39aa858-212e-407a-be10-d195733bd873","Deck","[{""S"":""W""},{""S"":""B""},{""S"":""U""}]","Inquisitor Greyfax","254","2024-06-02T18:15:24.760Z","Death by 1000 Dubloons","041844a8-c0a1-70de-2d24-4636783c00b6","constructed","true","https://www.moxfield.com/decks/ky8TPmHJr026DlUhA-kKlg","","","2024-10-08T00:03:15.203Z"
"efeca9a7-2bd9-4325-b15e-03dc8bfb9944","Deck","[{""S"":""B""},{""S"":""U""}]","""Vren, the Relentless""","17.5","2025-02-05T03:27:27.227Z","Rat Stack","c4a8a4f8-0081-706e-b81b-09be8c6a6318","05e144bc-397d-4033-80c0-420c6719d84c","false","https://moxfield.com/decks/ASWCjX7R7068aHCRC-7Aww","null","null","2025-02-05T03:27:27.227Z"
"e912ccbd-c9f0-452a-a0c6-639c0bc863c1","Deck","[{""S"":""W""},{""S"":""R""},{""S"":""G""}]","""Kitt Kanto, Mayhem Diva""","","2024-09-23T23:38:59.477Z","Sassy Cat","c46864b8-70a1-7028-ec4c-c32b1c12c9f2","precon","","","null","null","2024-09-23T23:38:59.477Z"
"dd345980-0ca1-4de0-bc80-12d9277e442f","Deck","[{""S"":""R""},{""S"":""G""}]","""Halana and Alena, Partners""","","2025-02-22T03:51:26.013Z","She's Large and in charge","c41874c8-10b1-70d1-e212-e8e3afbec40b","05e144bc-397d-4033-80c0-420c6719d84c","false","https://moxfield.com/decks/QeKMZuheCEifzrI-kfI0sA","null","null","2025-02-22T03:51:26.013Z"
"885e878c-4d0e-4aaf-8cfa-0e2b8c765710","Deck","[{""S"":""W""},{""S"":""B""},{""S"":""R""}]","Jirina Kudro","","2024-05-19T16:16:47.224Z","Ruthless Regiment","c4a8a4f8-0081-706e-b81b-09be8c6a6318","precon","","","null","null","2024-05-19T16:16:47.224Z"
"624d0224-081d-4438-97a9-bcc5cb83ca99","Deck","[{""S"":""W""},{""S"":""B""},{""S"":""R""}]","Queen Marchesa","294.77","2024-05-17T15:44:25.704Z","Royale with Marcheese","6408b468-e0c1-70a5-43d2-7c6fba08aabc","constructed","false","https://www.moxfield.com/decks/7OehElNOOUaZFWDh31FpwQ","","","2024-10-15T14:10:34.810Z"
"60e2c567-7a9f-4cff-837a-9da70d6206f8","Deck","[{""S"":""U""},{""S"":""G""}]","""Esix, Fractal Bloom""","289","2024-10-08T00:02:30.044Z","Esix Got Give It to Ya","5418b488-7011-70d3-8019-f8371fd77a96","constructed","false","https://www.moxfield.com/decks/RSeW0r_shUCrcLuulo7KmQ","null","null","2024-10-08T00:02:30.044Z"
"7c2f16ed-4edd-4bc5-834e-ef6d6cf98b02","Deck","[{""S"":""B""},{""S"":""U""},{""S"":""R""}]","""Obeka, Brute Chronologist""","300","2024-06-28T20:55:30.096Z","I Think We Skipped a Step","5418b488-7011-70d3-8019-f8371fd77a96","constructed","true","https://www.moxfield.com/decks/GDFVkO-f3ki2UrzawTyWgA","","","2024-10-08T02:01:50.913Z"
"a60fbec8-5c53-4148-98af-c4842a47ff06","Deck","[{""S"":""B""},{""S"":""R""},{""S"":""G""}]","The Beamtown Bullies","","2024-11-02T02:39:47.323Z","I'm A Big Bully","64989468-d081-705d-b3b5-ee33813fbefe","none","false","https://www.moxfield.com/decks/y0eMe5zMf0GdkWrw1oY_cA","null","null","2024-11-02T02:39:47.323Z"
"ce3762ac-8950-4281-8513-fdf86bdcc3bb","Deck","[{""S"":""R""}]","""Chiss-Goria, Forge Tyrant""","296.95","2024-05-18T01:48:28.508Z","Spin The Wheel","5418b488-7011-70d3-8019-f8371fd77a96","constructed","","https://www.moxfield.com/decks/Rx8pXzNew0CDRjE8GExr6Q","","","2024-05-18T01:48:28.508Z"
"2a01309f-dc76-47e1-8bc1-a6159e2529c2","Deck","[{""S"":""W""},{""S"":""B""},{""S"":""R""}]","""Isshin, Two Heavens as One""","296.56","2024-05-17T20:00:36.685Z","Isshin","64989468-d081-705d-b3b5-ee33813fbefe","constructed","","https://www.moxfield.com/decks/K-tNE_-lH0SLPdp9Jchqtw","","","2024-05-17T20:00:36.685Z"
"3b20c4cf-139a-4d70-8f78-9764dbfce5ad","Deck","[{""S"":""B""},{""S"":""G""}]","""Camellia, the Seedmiser""","300","2024-07-17T02:03:30.790Z","Hell's Kitchen","64989468-d081-705d-b3b5-ee33813fbefe","constructed","","https://www.moxfield.com/decks/0efO0UJFrEa8G_DjiRm46Q","null","null","2024-07-17T02:03:30.790Z"
"e118698d-de53-4454-af96-4691189965b8","Deck","[{""S"":""W""},{""S"":""B""},{""S"":""G""}]","Thalia and The Gitrog Monster","300","2024-07-22T17:08:57.595Z","no give only throw","5418b488-7011-70d3-8019-f8371fd77a96","constructed","true","https://www.moxfield.com/decks/8cjAoum8yUCuaW4vfTJvsQ","","","2024-10-08T02:01:17.110Z"
"0a281cd6-080f-4362-b50b-46b4ee9e52ff","Deck","[{""S"":""B""},{""S"":""R""}]","""Kardur, Doomscourge""","393.72","2025-01-28T02:39:46.380Z","DOOMSDAY","c408e4e8-9071-705d-a9a5-3446814c84e3","none","false","https://moxfield.com/decks/owen-is-an-idiot","","","2025-01-28T03:12:51.614Z"
"1443d70d-dbdc-421a-bb83-fb303ac9c865","Deck","[{""S"":""U""},{""S"":""G""}]","The Thirteenth Doctor","","2024-09-23T23:33:21.579Z","This Ish Sucks","c46864b8-70a1-7028-ec4c-c32b1c12c9f2","precon","","","[{""S"":""R""}]","Yasmin Khan","2024-09-23T23:33:21.579Z"
"250e0faa-79e1-4a07-aab3-24a7e087a655","Deck","[{""S"":""W""},{""S"":""G""}]","Ellivere of the Wild Court","","2024-05-17T20:01:12.856Z","Virtue and Valor","64989468-d081-705d-b3b5-ee33813fbefe","precon","","","","","2024-05-17T20:01:12.856Z"
"a585876b-2aaa-4084-9d38-dfb5e6072712","Deck","[{""S"":""W""},{""S"":""U""},{""S"":""R""}]","Elsha of the Infinite","75","2025-03-04T03:32:10.230Z","2elsha 2infinite","5418b488-7011-70d3-8019-f8371fd77a96","constructed","false","https://moxfield.com/decks/-wKIRmhX8UadZ9BjvZmlAg/goldfish","null","null","2025-03-04T03:32:10.230Z"
"0904535c-74a9-4c15-8aae-b856d00d8d88","Deck","[{""S"":""W""},{""S"":""G""}]","""Caradora, Heart of Alacria""","13.58","2025-02-27T03:49:15.160Z","""Dude, Where's My Caradora?""","041844a8-c0a1-70de-2d24-4636783c00b6","05e144bc-397d-4033-80c0-420c6719d84c","false","https://moxfield.com/decks/f4dCpm-6lkS-uhCfJmKL8A","null","null","2025-02-27T03:49:15.160Z"
"32a8456c-1233-4144-9808-7913c9b22749","Deck","[{""S"":""B""},{""S"":""U""},{""S"":""R""}]","""Sauron, Lord of the Rings""","30","2024-10-07T21:52:36.768Z","Morgul Wife Morgul Life","64189478-c031-7070-79c1-8afe9e6143f0","precon","false","https://www.moxfield.com/decks/LrDUDJuZKUG49FNW-ExrTg","","","2024-10-07T22:51:23.207Z"
"15b6e205-8132-4d02-9e31-b005dae73745","Deck","[{""S"":""B""},{""S"":""U""}]","""Alela, Cunning Conqueror""","298.54","2024-06-24T06:33:52.451Z","Faerie response","64189478-c031-7070-79c1-8afe9e6143f0","constructed","false","https://moxfield.com/decks/R85eawt65EqAioXt3puQKA","","","2025-02-01T04:15:41.366Z"
"2b2e24bd-7303-42bd-832e-5bfb819f8ec9","Deck","[{""S"":""W""}]","""Light-Paws, Emperor's Voice""","23.03","2025-02-01T13:41:07.494Z","great value fox auras","5418b488-7011-70d3-8019-f8371fd77a96","05e144bc-397d-4033-80c0-420c6719d84c","false","https://moxfield.com/decks/ZLJQbG-jUE--glGFTFwMhw","null","null","2025-02-01T13:41:07.494Z"
"a21974fc-3191-419d-b0ec-889d29e5f44f","Deck","[{""S"":""W""},{""S"":""U""},{""S"":""G""}]","""Galadriel, Light of Valinor""","299.58","2024-05-18T01:49:16.937Z","I Can't See My Playmat Playing You","5418b488-7011-70d3-8019-f8371fd77a96","constructed","true","https://www.moxfield.com/decks/O_kX97L0i06wtp3EBCJzqQ","","","2024-10-08T02:00:17.162Z"
"e3a26442-86b8-4209-9772-88dc15917c1b","Deck","[{""S"":""W""},{""S"":""R""}]","""Feather, the Redeemed""","289.61","2024-09-03T02:09:51.521Z","borb whack","5418b488-7011-70d3-8019-f8371fd77a96","constructed","false","https://www.moxfield.com/decks/HSbBhODB8kCShRydOBot7Q","","","2024-10-22T01:54:56.023Z"
"31267e80-c156-4ff1-8cc0-242b088f5eac","Deck","[{""S"":""W""}]","""Yoshimaru, Ever Faithful""","","2024-05-25T21:18:25.204Z","Legendary Counters","14383488-90b1-709f-0498-f0d0b40467d4","constructed","","https://archidekt.com/decks/7317078/legendary_counters","[{""S"":""B""},{""S"":""G""}]","""Reyhan, Last of the Abzan""","2024-05-25T21:18:25.204Z"
"74e09906-adb8-4465-8f17-7e7ef9272712","Deck","[{""S"":""B""},{""S"":""R""}]","""Judith, the Scourge Diva""","390","2025-02-22T00:33:44.899Z","Sacrifice response","64189478-c031-7070-79c1-8afe9e6143f0","none","false","https://moxfield.com/decks/cWPkdHjAA0O048_Fx9Zxmw","","","2025-02-22T00:34:04.260Z"
"983f7936-56be-444e-b78b-6c7d4b6b4116","Deck","[{""S"":""W""},{""S"":""B""}]","Teysa Karlov","298.68","2024-06-24T16:50:20.721Z","T and the Triple G","5418b488-7011-70d3-8019-f8371fd77a96","constructed","","https://www.moxfield.com/decks/WaV7oN85K0GQ1wUteiuMsQ","","","2024-06-24T19:02:04.658Z"
"a6f27936-232b-463a-8579-0901f58ac9ea","Deck","[{""S"":""B""}]","""Szarekh, the Silent King""","","2024-09-13T21:15:55.250Z","Necron Dynasties","143864a8-b031-70b2-c7ca-d1875a01f229","precon","","","null","null","2024-09-13T21:15:55.250Z"
"01896448-0df8-4da0-b0dd-f0c3c06c1462","Deck","[{""S"":""B""}]","""Mikaeus, the Unhallowed""","267.31","2024-05-18T14:23:55.617Z","""Mikaeus, the Combo""","c4a8a4f8-0081-706e-b81b-09be8c6a6318","constructed","","https://www.moxfield.com/decks/F0KxvlooI0il8rd0Q5F1JA","","","2024-10-02T18:19:02.300Z"
"cf5d5740-6636-48c7-8123-4038a7d279ef","Deck","[{""S"":""W""},{""S"":""U""}]","""Faramir, Steward of Gondor""","22.03","2025-02-02T14:08:06.563Z","budget soldiers of gondor","14383488-90b1-709f-0498-f0d0b40467d4","05e144bc-397d-4033-80c0-420c6719d84c","false","https://archidekt.com/decks/11059692","null","null","2025-02-02T14:08:06.563Z"
"2397262d-0c6f-46b1-906e-febbfa7b9da5","Deck","[{""S"":""B""},{""S"":""R""},{""S"":""G""}]","Disa the Restless","","2024-06-18T13:38:17.580Z","Jund'em out","c4a8a4f8-0081-706e-b81b-09be8c6a6318","precon","","","null","null","2024-06-18T13:38:17.580Z"
"d99bdfdb-c2e2-4662-a388-78941f604561","Deck","[{""S"":""G""}]","""Omnath, Locus of Mana""","","2024-11-19T01:59:32.842Z","Ramp and Stamp","64989468-d081-705d-b3b5-ee33813fbefe","constructed","false","https://www.moxfield.com/decks/bR-yBsL030WzBjJaQMytgA","null","null","2024-11-19T01:59:32.842Z"
"203140ee-a62b-40f4-8bc8-85ba6e64bf96","Deck","[{""S"":""W""},{""S"":""B""}]","""Athreos, God of Passage""","517","2024-09-09T06:49:25.792Z","Apostle Parade","64189478-c031-7070-79c1-8afe9e6143f0","none","true","https://www.moxfield.com/decks/YNt3SPfUkEOClZJa_kq_aw","","","2024-10-12T03:48:27.600Z"
"9e932e29-f9ec-4662-a455-5afc2932ba90","Deck","[{""S"":""W""},{""S"":""B""},{""S"":""G""}]","The Necrobloom","298.52","2024-06-01T20:37:50.594Z","Necroboom [Retired]","c4a8a4f8-0081-706e-b81b-09be8c6a6318","constructed","true","https://www.moxfield.com/decks/lxCxlYuHKUy7arkYmeDVEQ","","","2024-10-02T20:18:04.327Z"
"dc35a538-cbc1-4ee1-ba7a-ca259c202a82","Deck","[{""S"":""W""}]","God-Eternal Oketra","289","2024-05-17T20:24:37.937Z","Oketra [RETIRED]","64189478-c031-7070-79c1-8afe9e6143f0","constructed","true","https://www.moxfield.com/decks/J9U71GaRnEuKNfUf_t2FYw","","","2025-01-31T05:10:04.787Z"
"452e2bea-687c-40bb-8b80-e8f2ce186b27","Deck","[{""S"":""W""},{""S"":""B""},{""S"":""U""}]","""Zur, Eternal Schemer""","295.63","2024-09-26T16:54:52.437Z","lethal generosity","6408b468-e0c1-70a5-43d2-7c6fba08aabc","constructed","false","https://www.moxfield.com/decks/OY-b0lIQREeki7uvacVv1g","","","2025-03-03T20:38:58.373Z"
"0ca6fd13-795a-47f3-9a09-48c7271caf7e","Deck","[{""S"":""W""},{""S"":""U""}]","""Lavinia, Azorius Renegade""","298.44","2024-10-11T16:50:01.818Z","Adult Swim","5418b488-7011-70d3-8019-f8371fd77a96","constructed","false","https://www.moxfield.com/decks/6-_jZyjptEG10-9tgJLPcA","null","null","2024-10-11T16:50:01.818Z"
"a5862505-bbea-48ab-9c3b-f9c080d77982","Deck","[{""S"":""W""},{""S"":""B""},{""S"":""R""}]","""Kelsien, the Plague""","","2024-05-19T15:35:12.759Z","""Kelsien, Paid Assassin""","14383488-90b1-709f-0498-f0d0b40467d4","constructed","","","null","null","2024-05-19T15:35:12.759Z"
"04a767ae-ee94-45db-b793-1f2a6877e2f4","Deck","[{""S"":""W""},{""S"":""R""},{""S"":""G""}]","""Marisi, Breaker of the Coil""","300","2025-01-31T22:52:42.112Z","You Won't Marisi This Coming","5418b488-7011-70d3-8019-f8371fd77a96","constructed","false","https://moxfield.com/decks/enoRwoexY0SyICsvPDjNqA","null","null","2025-01-31T22:52:42.112Z"
"ea98f731-87c0-4b6b-80f6-a4d01aeaf9f3","Deck","[{""S"":""B""}]","""Gisa, the Hellraiser""","265.73","2025-01-31T17:46:00.569Z","Hellraiser","c408e4e8-9071-705d-a9a5-3446814c84e3","constructed","false","https://moxfield.com/decks/owen-is-an-idiot","null","null","2025-01-31T17:46:00.569Z"
"3d36b33d-c708-450c-85fe-0911a376c762","Deck","[{""S"":""W""},{""S"":""U""},{""S"":""R""}]","""Éowyn, Shieldmaiden""","","2024-05-17T20:01:23.077Z","Riders of Rohan","64989468-d081-705d-b3b5-ee33813fbefe","precon","","","","","2024-05-17T20:01:23.077Z"
"de22455d-270b-44d5-8621-656c254921c1","Deck","[]","""Zhulodok, Void Gorger""","80","2024-05-17T20:25:40.540Z","Retired - Eldrazi Unbound","64189478-c031-7070-79c1-8afe9e6143f0","precon","true","","","","2024-10-02T20:52:29.239Z"
"4c3e916c-e6e1-4447-8b67-c99f0fb5471c","Deck","[{""S"":""W""},{""S"":""R""},{""S"":""G""}]","""Baylen, the Haymaker""","27.04","2024-12-23T02:05:28.135Z","anime protagonist","5418b488-7011-70d3-8019-f8371fd77a96","05e144bc-397d-4033-80c0-420c6719d84c","false","https://www.moxfield.com/decks/O4xmjbDcGEWYQjz2m5X5bw","null","null","2024-12-23T02:05:28.135Z"
"b18968fe-7532-4b2b-9106-5ad36bac7265","Deck","[{""S"":""U""},{""S"":""G""}]","""Sab-Sunen, Luxa Embodied""","","2025-03-04T02:11:55.810Z","""man, i love frog""","143864a8-b031-70b2-c7ca-d1875a01f229","constructed","false","https://moxfield.com/decks/ZZRextIED02zqnItEOyhMA","null","null","2025-03-04T02:11:55.810Z"
"400320a5-7a24-4262-8d82-4991395b6a49","Deck","[{""S"":""W""},{""S"":""B""},{""S"":""U""}]","""Yennett, Cryptic Sovereign""","586.34","2024-09-27T04:22:35.001Z","What's a win-con?","64189478-c031-7070-79c1-8afe9e6143f0","none","true","https://www.moxfield.com/decks/isaDid0pnEyrnnB65VYa_A","","","2025-01-25T04:31:03.697Z"
"9899a807-3bc5-4716-8bd3-a483d3f8f3e6","Deck","[{""S"":""R""},{""S"":""G""}]","""Bello, Bard of the Brambles""","295","2024-08-05T01:52:52.099Z","Bello!","c4a8a4f8-0081-706e-b81b-09be8c6a6318","constructed","","https://www.moxfield.com/decks/SIsq66-3qEeNz0fKEvxS2g","null","null","2024-08-05T01:52:52.099Z"
"2d2be4ff-4083-4906-aaf6-d6f2cdfe2b7b","Deck","[{""S"":""U""},{""S"":""R""}]","""Stella Lee, Wild Card""","","2024-05-19T16:26:49.976Z","Quick Draw","041844a8-c0a1-70de-2d24-4636783c00b6","precon","","","null","null","2024-05-19T16:26:49.976Z"
"56dd136e-e970-440e-8346-fc19c9ff4522","Deck","[{""S"":""B""},{""S"":""U""}]","Satoru Umezawa","300","2024-07-16T20:25:00.226Z","Let's fighting love!","64989468-d081-705d-b3b5-ee33813fbefe","constructed","","https://www.moxfield.com/decks/roRkkAk-GkCbz90dSmrdQw","","","2024-07-29T12:54:33.813Z"
"508f4969-6748-4dd3-bcee-fd5c3b550353","Deck","[{""S"":""G""}]","""Fynn, the Fangbearer""","112.17","2025-01-21T01:45:42.832Z","Fynn Fang Foom","c408e4e8-9071-705d-a9a5-3446814c84e3","constructed","false","https://moxfield.com/decks/owen-is-an-idiot","","","2025-01-28T02:46:29.124Z"
"35794f1e-2411-41b1-a47e-09ed856b9372","Deck","[]","""Kozilek, Butcher of Truth""","297.74","2024-05-17T20:00:12.945Z","""Kozzie Kozzie Kozzie, Oi Oi Oi""","64989468-d081-705d-b3b5-ee33813fbefe","constructed","","https://www.moxfield.com/decks/LDLZFVzHH0GnFe9SvgbVdA","","","2024-05-17T20:00:12.945Z"
"38c4be29-1c04-41f1-ab19-655ac8623e62","Deck","[{""S"":""B""},{""S"":""U""}]","""Alela, Cunning Conqueror""","372.84","2024-11-01T00:14:47.218Z","Fae unranked","64189478-c031-7070-79c1-8afe9e6143f0","none","true","","","","2024-11-05T16:05:45.312Z"
"2b61216a-3c94-4fbc-9015-d1689ef7ea75","Deck","[{""S"":""B""},{""S"":""R""}]","""Judith, the Scourge Diva""","21.87","2025-01-25T04:30:10.898Z","1 damage","64189478-c031-7070-79c1-8afe9e6143f0","05e144bc-397d-4033-80c0-420c6719d84c","true","https://moxfield.com/decks/IP1GlT_zp0axQuIYqvN-Eg","","","2025-02-21T01:26:55.535Z"
"c3261086-795b-42fd-87bd-0ef3c53b436d","Deck","[{""S"":""W""},{""S"":""G""}]","Ellivere of the Wild Court","","2024-09-23T23:35:59.089Z","Boss Bih","c46864b8-70a1-7028-ec4c-c32b1c12c9f2","precon","","","null","null","2024-09-23T23:35:59.089Z"
"de3063df-a726-48a6-87db-13376a191c63","Deck","[{""S"":""U""}]","Kami of the Crescent Moon","298.74","2024-09-27T04:21:52.300Z","Nathan's Famous Card Eating Contest","5418b488-7011-70d3-8019-f8371fd77a96","constructed","","https://www.moxfield.com/decks/9ZDKiCGvyU-J62v-cf5rrQ","null","null","2024-09-27T04:21:52.300Z"
"d03d0df8-eabf-43f1-82ea-34bb658390d8","Deck","[{""S"":""R""}]","""Krenko, Mob Boss""","165.35","2024-09-23T22:30:10.893Z","""oops, all goblins""","143864a8-b031-70b2-c7ca-d1875a01f229","constructed","","https://www.moxfield.com/decks/xDA1tMifdEOWrKUEmbYVxg","null","null","2024-09-23T22:30:10.893Z"
"2dff6d95-097c-4ed0-aefe-cc9d59e93178","Deck","[{""S"":""G""}]","""Wilson, Refined Grizzly""","299.89","2024-11-09T19:46:24.866Z","WIIIIIIILLLLLSSSSOOOOOOOONNNNNNNN","64989468-d081-705d-b3b5-ee33813fbefe","constructed","false","https://www.moxfield.com/decks/BO_slxK150aWc00Grwz8kQ","null","null","2024-11-09T19:46:24.866Z"
"48ee0e6f-9456-4d47-9a9f-40d9e99806d2","Deck","[{""S"":""W""},{""S"":""R""},{""S"":""G""}]","""Dogmeat, Ever Loyal""","","2024-05-19T15:37:35.593Z","Naya Voltron Doggy","14383488-90b1-709f-0498-f0d0b40467d4","precon","","","null","null","2024-05-19T15:37:35.593Z"
"1f783755-f47d-4a5d-83f5-f9a074c932b7","Deck","[{""S"":""W""},{""S"":""B""},{""S"":""U""}]","""Aminatou, the Fateshifter""","299.95","2024-05-22T01:15:11.937Z","Flickering Fate","54d81468-a081-700a-f2ff-ec4e51f98872","constructed","","https://www.moxfield.com/decks/hVoZhcYsOEW9YzN9CSpiXw","null","null","2024-05-22T01:15:11.937Z"
"92c413ce-d689-4580-8c22-6b11e4755be6","Deck","[{""S"":""W""},{""S"":""U""},{""S"":""R""}]","""Shu Yun, the Silent Tempest""","21.01","2025-01-30T03:00:41.896Z","Budget Prowess Bullshittery","14383488-90b1-709f-0498-f0d0b40467d4","05e144bc-397d-4033-80c0-420c6719d84c","false","https://archidekt.com/decks/11124495","null","null","2025-01-30T03:00:41.896Z"
"2767f2d7-c038-48f3-a41f-88f95c4c7592","Deck","[{""S"":""U""},{""S"":""G""}]","""Galadriel, Elven-Queen""","","2024-05-19T16:23:13.767Z","Elven Council","c41874c8-10b1-70d1-e212-e8e3afbec40b","precon","","","null","null","2024-05-19T16:23:13.767Z"
"9f2b5f40-f69f-459d-a21e-07ea0802597b","Deck","[{""S"":""B""},{""S"":""U""},{""S"":""G""}]","""Otrimi, the Ever-Playful""","","2024-05-19T16:14:43.942Z","Enhanced Evolution","54d81468-a081-700a-f2ff-ec4e51f98872","precon","","","null","null","2024-05-19T16:14:43.942Z"
"48cf8d82-a432-44d1-841f-5ccf63d81551","Deck","[{""S"":""W""},{""S"":""R""},{""S"":""G""}]","""Pantlaza, Sun-Favored""","","2024-10-07T21:51:23.821Z","Dino Deck Destroyer","c4b844f8-f001-70aa-0cc5-b74468beb81d","precon","false","https://www.moxfield.com/decks/viXU1nCwOkmTU5FGQu8MFw","null","null","2024-10-07T21:51:23.821Z"
"468a87ed-fed4-4a46-bb79-4a1ffec4820a","Deck","[{""S"":""B""},{""S"":""U""},{""S"":""R""}]","""Marchesa, the Black Rose""","299.97","2024-05-19T13:03:45.729Z","Royal Pain in the Sac","6408b468-e0c1-70a5-43d2-7c6fba08aabc","constructed","true","https://www.moxfield.com/decks/_KTkhYhr00SxKSbznzOhqQ","","","2024-10-02T20:35:52.493Z"
"51af0663-6348-4a77-9e46-7361adc1ed0c","Deck","[{""S"":""B""}]","""Kuon, Ogre Ascendant // Kuon's Essence""","24.43","2024-12-17T02:49:00.860Z","Kuon Deez","5418b488-7011-70d3-8019-f8371fd77a96","05e144bc-397d-4033-80c0-420c6719d84c","false","https://www.moxfield.com/decks/mwvLnzB-LUuOjGUG6VN8og","null","null","2024-12-17T02:49:00.860Z"
"e5e6862b-e3b1-4c9d-a823-790cdae7a37f","Deck","[{""S"":""W""},{""S"":""B""},{""S"":""U""},{""S"":""R""},{""S"":""G""}]","The First Sliver","","2024-11-02T03:02:36.668Z","Sliver of hope","64989468-d081-705d-b3b5-ee33813fbefe","none","false","https://www.moxfield.com/decks/RUjdgwrWSk-tmoYrgPKK8Q","null","null","2024-11-02T03:02:36.668Z"
"1290996b-5e32-48d8-9037-2ee321d601d7","Deck","[{""S"":""B""},{""S"":""U""},{""S"":""G""}]","""Zaxara, the Exemplary""","22.08","2025-02-16T19:53:35.416Z","Darkroot Basin","64189478-c031-7070-79c1-8afe9e6143f0","05e144bc-397d-4033-80c0-420c6719d84c","false","https://moxfield.com/decks/9Bh_nZ3gGE6OxAURPfIDfA","","","2025-02-21T01:27:55.032Z"
"c7690006-23fb-4b87-bb90-48dd072fd6c7","Deck","[{""S"":""W""},{""S"":""R""}]","""Nelly Borca, Impulsive Accuser""","","2024-05-17T15:43:58.484Z","Blame Game","6408b468-e0c1-70a5-43d2-7c6fba08aabc","precon","","https://www.moxfield.com/decks/CYDzJHuntUSy4_B0e8HojA","","","2024-05-18T21:24:07.661Z"
"f4bc8891-8f9a-4ae1-b0af-e2b9c2174cbb","Deck","[{""S"":""W""},{""S"":""U""},{""S"":""G""}]","Katilda and Lier","299.74","2024-12-23T04:17:02.120Z","Bouncy Humans","14383488-90b1-709f-0498-f0d0b40467d4","constructed","false","https://archidekt.com/decks/9433674","null","null","2024-12-23T04:17:02.120Z"
"84d65288-fbba-4ebd-b8be-503f65217099","Deck","[{""S"":""W""},{""S"":""G""}]","Catti-brie of Mithral Hall","295.81","2024-05-19T16:15:57.700Z","Caty Voltron","14383488-90b1-709f-0498-f0d0b40467d4","constructed","","https://archidekt.com/decks/7411368","null","null","2024-05-19T16:15:57.700Z"
"e5aec974-857e-4050-a313-15d462ef1e45","Deck","[{""S"":""W""},{""S"":""R""}]","""Nelly Borca, Impulsive Accuser""","244.63","2024-07-30T19:52:16.330Z","Combat Catalyst","6408b468-e0c1-70a5-43d2-7c6fba08aabc","constructed","true","https://www.moxfield.com/decks/V4jhOAHFWUKLcuJeYcgFww","","","2024-10-02T20:38:37.517Z"
"b9f609d7-37bd-48a8-aef8-e364d65cc147","Deck","[{""S"":""B""},{""S"":""R""}]","""Valgavoth, Harrower of Souls""","","2024-09-23T23:44:44.177Z","rakdos mothman","6408b468-e0c1-70a5-43d2-7c6fba08aabc","precon","false","","","","2024-10-08T01:30:56.491Z"
"7782c783-a210-4d4b-a80d-976bef64f8e6","Deck","[{""S"":""U""}]","""Thassa, Deep-Dwelling""","298","2024-05-17T20:24:04.378Z","Deep-Sea Pickpocket [RETIRED]","64189478-c031-7070-79c1-8afe9e6143f0","constructed","true","https://www.moxfield.com/decks/itujVyB8nkiinwcRYTcZvw","","","2025-01-31T05:12:19.451Z"
"8ac32d1f-f219-450c-a40a-72a7ac0c83e6","Deck","[{""S"":""W""},{""S"":""R""}]","""Depala, Pilot Exemplar""","207","2024-09-10T04:50:54.200Z","ROCK AND STONE","64189478-c031-7070-79c1-8afe9e6143f0","constructed","true","https://www.moxfield.com/decks/LmPc1bSqb0iLuQpyJMMNiQ","","","2024-10-03T04:07:12.412Z"
"a22c844e-e9fb-4dc1-a50f-1e742afe6001","Deck","[{""S"":""G""}]","""Erinis, Gloom Stalker""","23.08","2025-02-16T01:38:04.568Z","dollarinis","6408b468-e0c1-70a5-43d2-7c6fba08aabc","05e144bc-397d-4033-80c0-420c6719d84c","false","https://moxfield.com/decks/ehgNRcsee0eDQYIXujTDIQ","[{""S"":""R""}]","Street Urchin","2025-02-16T01:38:04.568Z"
"d9773972-8143-43a5-956a-3f2894c4f84b","Deck","[{""S"":""W""},{""S"":""B""},{""S"":""U""}]","""Zur, Eternal Schemer""","231.29","2024-11-11T15:05:45.145Z","funny lookin' wizard man","143864a8-b031-70b2-c7ca-d1875a01f229","constructed","false","https://www.moxfield.com/decks/i8jqDuqIB0uL9-1-5T4ypQ","null","null","2024-11-11T15:05:45.145Z"
"35d5199e-bc7a-46b9-bc7e-8b2c129f49ec","Deck","[{""S"":""R""}]","""Slicer, Hired Muscle // Slicer, High-Speed Antagonist""","269.77","2025-02-04T19:11:56.067Z","*hands you a knife*","5418b488-7011-70d3-8019-f8371fd77a96","constructed","false","https://moxfield.com/decks/NkyyHU6FKEqHQmeyGqbY4g","null","null","2025-02-04T19:11:56.067Z"
"89b053b1-41d1-4374-8bb3-c2cc6ca6c27b","Deck","[{""S"":""U""},{""S"":""G""}]","""Aesi, Tyrant of Gyre Strait""","","2024-05-18T21:23:06.380Z","Lands for Turn [Retired]","c4a8a4f8-0081-706e-b81b-09be8c6a6318","precon","true","https://www.moxfield.com/decks/bf7OIT4mDku5pAByvLzOLw","","","2024-10-02T20:18:07.410Z"
"4ba19e62-7260-4580-8344-f88e52740574","Deck","[{""S"":""W""},{""S"":""U""}]","""Faramir, Steward of Gondor""","297.2","2024-06-24T13:30:31.720Z","Soldiers of Gondor","14383488-90b1-709f-0498-f0d0b40467d4","constructed","","https://archidekt.com/decks/8132119/soldiers_of_gondor","null","null","2024-06-24T13:30:31.720Z"
"2106aaea-1af8-4e29-95c0-3f4e845ee11e","Deck","[{""S"":""U""},{""S"":""G""}]","""Aesi, Tyrant of Gyre Strait""","","2024-10-07T21:52:04.302Z","""Land, Draw""","c4a8a4f8-0081-706e-b81b-09be8c6a6318","precon","false","","null","null","2024-10-07T21:52:04.302Z"
"86aebd13-f085-4c4e-98a5-393b5e6652e1","Deck","[{""S"":""W""},{""S"":""B""},{""S"":""U""}]","""Tivit, Seller of Secrets""","280.85","2024-09-13T13:11:10.050Z","i AM the council","6408b468-e0c1-70a5-43d2-7c6fba08aabc","constructed","","https://www.moxfield.com/decks/ngQpQJD_eUa7pgRVlZK3NA","null","null","2024-09-13T13:11:10.050Z"
"00f68c77-1154-473b-9b0a-c0d399478147","Deck","[{""S"":""B""}]","""Szarekh, the Silent King""","","2024-05-17T15:43:39.763Z","Necron Dynasty","6408b468-e0c1-70a5-43d2-7c6fba08aabc","precon","","https://www.moxfield.com/decks/K29YPqBXQEueJ2mxMYBGyg","","","2024-05-18T21:24:56.622Z"
"300b1cca-4bba-4c80-bf2c-eda97fc36244","Deck","[{""S"":""W""},{""S"":""B""},{""S"":""U""},{""S"":""R""},{""S"":""G""}]","The First Sliver","294.38","2024-11-05T00:18:07.117Z","The Hive Mind","64989468-d081-705d-b3b5-ee33813fbefe","constructed","false","https://www.moxfield.com/decks/f_-2EVFqSECpEkvBedVZfQ","null","null","2024-11-05T00:18:07.117Z"
"f8387ebc-be96-4903-8628-fc7851caa547","Deck","[{""S"":""W""},{""S"":""R""},{""S"":""G""}]","""Obuun, Mul Daya Ancestor""","277.17","2024-05-19T16:27:17.908Z","[OLD] Death by Landslide","041844a8-c0a1-70de-2d24-4636783c00b6","constructed","true","https://www.moxfield.com/decks/9HEm2De5tkeRuw20xIn99w","","","2024-10-08T00:03:20.573Z"
"be7db7df-6bb0-4f10-8cba-e60d383df3f1","Deck","[{""S"":""U""}]","""Emry, Lurker of the Loch""","298.07","2024-06-18T14:04:07.345Z","loch and load","6408b468-e0c1-70a5-43d2-7c6fba08aabc","constructed","true","https://www.moxfield.com/decks/vsuoEPI7_EOafTnAARA-qQ","","","2024-10-22T14:47:05.883Z"
"5caf3948-b55b-4065-8b5a-64cf190e9030","Deck","[{""S"":""B""},{""S"":""G""}]","""Camellia, the Seedmiser""","250","2025-01-21T01:29:38.867Z","""i'm goin' a little squirrely ""","143864a8-b031-70b2-c7ca-d1875a01f229","constructed","false","https://www.moxfield.com/decks/Fb53HOxalEeGcA_ta2So5g","null","null","2025-01-21T01:29:38.867Z"
"15b85819-2b49-4728-809b-3f2ba049716b","Deck","[{""S"":""R""}]","""Gornog, the Red Reaper""","272.12","2024-11-01T23:33:23.776Z","Allergies: Cowardice and Weak-Willed Men. And Hazelnuts.","5418b488-7011-70d3-8019-f8371fd77a96","constructed","false","https://www.moxfield.com/decks/ljcdL9YfQk27y5Aoi6OZXg","null","null","2024-11-01T23:33:23.776Z"
"b8c6f23b-137d-4449-bb88-533c42506035","Deck","[{""S"":""B""},{""S"":""U""}]","""Xanathar, Guild Kingpin""","185.44","2024-09-23T22:31:38.543Z","nice card ya' got there","143864a8-b031-70b2-c7ca-d1875a01f229","constructed","","https://www.moxfield.com/decks/bRcBdXEXHkOxgREWhE2akA","null","null","2024-09-23T22:31:38.543Z"
"bb2cefdc-d665-4799-96f2-8ca9162e5abd","Deck","[{""S"":""W""},{""S"":""B""},{""S"":""U""}]","""Urza, Chief Artificer""","","2024-05-19T13:20:28.139Z","urza's iron alliance","c41874c8-10b1-70d1-e212-e8e3afbec40b","precon","","https://www.moxfield.com/decks/yvrb9gEkuUSVBT0ulhjxfA","null","null","2024-05-19T13:20:28.139Z"
"5de273f5-65ae-4dd6-aa7c-d20788d3924e","Deck","[{""S"":""W""}]","""Delney, Streetwise Lookout""","295.35","2024-08-15T18:24:21.290Z","seizing the means of production","5418b488-7011-70d3-8019-f8371fd77a96","constructed","true","https://www.moxfield.com/decks/Qk-aPUHdHkSdSkoIsVn59Q","","","2024-10-08T02:02:08.237Z"
"75c2b55c-9112-43d4-8009-1ed1344ee62f","Deck","[{""S"":""W""},{""S"":""U""}]","""Will, Scion of Peace""","","2024-05-19T13:17:36.388Z","all i wanna do is gain life","c41874c8-10b1-70d1-e212-e8e3afbec40b","constructed","","https://www.moxfield.com/decks/Y0l4PSGGWkabLOL37MQRuQ","null","null","2024-05-19T13:17:36.388Z"
"e2c59977-4ccb-4e0e-9532-c7324d603f41","Deck","[{""S"":""B""},{""S"":""U""},{""S"":""R""}]","""Obeka, Splitter of Seconds""","299.89","2024-05-26T00:01:59.115Z","Upkeeping Kardashians With","64989468-d081-705d-b3b5-ee33813fbefe","constructed","","https://www.moxfield.com/decks/ClwRwR0bE06rNOvOAeyt0w","null","null","2024-05-26T00:01:59.115Z"
"44f636b9-182b-415d-afd8-ee563a0870b3","Deck","[{""S"":""W""},{""S"":""B""},{""S"":""U""},{""S"":""R""},{""S"":""G""}]","Sliver Gravemother","80","2024-05-17T20:24:55.871Z","Retired - Sliver Swarm","64189478-c031-7070-79c1-8afe9e6143f0","precon","true","","","","2024-10-02T20:52:46.605Z"
"1c4ad29c-9a92-496e-beaf-15e5fe376bba","Deck","[{""S"":""W""},{""S"":""U""}]","""Tameshi, Reality Architect""","298.96","2024-10-10T13:16:36.070Z","lunar rezoning committee","6408b468-e0c1-70a5-43d2-7c6fba08aabc","constructed","false","https://www.moxfield.com/decks/HX_bbhwFv0yhYCB8fG23eg","","","2024-10-14T13:51:23.897Z"
"0856e1a6-e72e-4fae-b50c-4684e9c79360","Deck","[{""S"":""R""},{""S"":""G""}]","""Atarka, World Render""","","2024-10-01T01:27:23.870Z","Draconic Destruction","c408e4e8-9071-705d-a9a5-3446814c84e3","precon","true","https://moxfield.com/decks/owen-is-an-idiot","","","2025-01-28T02:55:18.376Z"
"f2b0ece6-376a-4e01-b77a-d2daec67e1ce","Deck","[{""S"":""U""},{""S"":""G""}]","""Nadu, Winged Wisdom""","295.8","2024-06-05T20:44:47.773Z","""Na(h)du(de), I'm Drawing""","5418b488-7011-70d3-8019-f8371fd77a96","constructed","true","https://www.moxfield.com/decks/8qMZPgQA20q9xsiI8tBrvg","","","2024-10-08T02:00:45.053Z"
"02351260-5d52-4ddf-8a16-738b62887787","Deck","[{""S"":""B""},{""S"":""U""},{""S"":""G""}]","""Muldrotha, the Gravetide""","","2024-09-09T00:47:15.408Z","Time Recycler Unlimited","54d81468-a081-700a-f2ff-ec4e51f98872","none","","https://www.moxfield.com/decks/iSUS8cstikWe_qe37erlYQ","null","null","2024-09-09T00:47:15.408Z"
"313cdf97-a9c8-44e3-86c2-13c8d5542798","Deck","[{""S"":""B""},{""S"":""U""}]","""Yuriko, the Tiger's Shadow""","285.41","2024-05-28T18:34:23.980Z","Yurintrouble","64989468-d081-705d-b3b5-ee33813fbefe","constructed","","https://www.moxfield.com/decks/WX2i8SrbQUqCfGXPeKrwog","null","null","2024-05-28T18:34:23.980Z"
"637edbe6-edd2-415b-b47d-23440fbe8e93","Deck","[{""S"":""W""},{""S"":""B""},{""S"":""U""}]","Sefris of the Hidden Ways","292.34","2024-08-20T02:52:01.795Z","Sefris All Dungeons No SRM","6408b468-e0c1-70a5-43d2-7c6fba08aabc","constructed","true","https://www.moxfield.com/decks/dYoiwXO5i0C2irZObF5H6g","","","2024-10-02T20:38:26.548Z"
"6ca94e78-2d63-4627-bc49-9d415e726283","Deck","[{""S"":""W""},{""S"":""G""}]","""Kudo, King Among Bears""","","2025-03-04T03:32:50.738Z","Gay Bears","64989468-d081-705d-b3b5-ee33813fbefe","constructed","false","https://moxfield.com/decks/N48-xodXQUu9oLRaY6KCpw","null","null","2025-03-04T03:32:50.738Z"
"d008e305-a316-4c0f-ad1f-c0f2e406ddb2","Deck","[{""S"":""W""},{""S"":""R""}]","Arbaaz Mir","22.88","2024-12-04T02:10:51.132Z","Killer eggs","14383488-90b1-709f-0498-f0d0b40467d4","05e144bc-397d-4033-80c0-420c6719d84c","false","https://archidekt.com/decks/10344459","","","2024-12-04T02:14:12.434Z"
"4aa7aeeb-2223-44b6-9520-2a4eb1b140b2","Deck","[{""S"":""B""}]","""Sheoldred, the Apocalypse""","222.64","2025-01-21T01:46:27.345Z","""Sheoldred, The Drawpocalypse""","c408e4e8-9071-705d-a9a5-3446814c84e3","constructed","false","https://moxfield.com/decks/owen-is-an-idiot","","","2025-01-28T02:47:40.493Z"
"a01c12ff-1232-48af-943f-27d654c5b6b0","Deck","[{""S"":""R""}]","""Breeches, Brazen Plunderer""","278.26","2024-05-18T01:50:16.560Z","icy-hot booty","5418b488-7011-70d3-8019-f8371fd77a96","constructed","true","https://www.moxfield.com/decks/YgGpJlwn3UitFRZFZ2N-IQ","","","2024-10-08T02:01:25.736Z"
"e18a28b5-3027-4123-bf02-d2b69898a8e3","Deck","[{""S"":""W""},{""S"":""R""},{""S"":""G""}]","""Obuun, Mul Daya Ancestor""","300","2024-05-19T16:27:38.157Z","Obuun Go Smash","041844a8-c0a1-70de-2d24-4636783c00b6","constructed","","https://www.moxfield.com/decks/S7xrc7Un1UOMNblTmKmt2g","null","null","2024-05-19T16:27:38.157Z"
"661cce5b-87d7-4f09-8656-6842e9302fbe","Deck","[{""S"":""W""},{""S"":""B""}]","""Frodo, Adventurous Hobbit""","","2024-05-19T16:23:56.769Z","Food and Fellowship","c41874c8-10b1-70d1-e212-e8e3afbec40b","precon","","","[{""S"":""W""},{""S"":""G""}]","""Sam, Loyal Attendant""","2024-05-19T16:23:56.769Z"
"e0545e99-acf4-4708-a1d5-c510bd60fb4d","Deck","[{""S"":""W""},{""S"":""R""},{""S"":""G""}]","""Obuun, Mul Daya Ancestor""","","2024-05-19T16:27:52.689Z","Land's Wrath","041844a8-c0a1-70de-2d24-4636783c00b6","precon","true","","","","2024-10-08T00:03:23.870Z"
"d61c7003-2670-4418-86db-60d62b7d1bd7","Deck","[{""S"":""B""},{""S"":""U""},{""S"":""G""}]","The Wise Mothman","","2024-05-18T21:23:46.565Z","Mothman","c4a8a4f8-0081-706e-b81b-09be8c6a6318","precon","","","null","null","2024-05-18T21:23:46.565Z"
"e1aaf410-f1d9-4b1c-a3d8-557dd9d06e15","Deck","[{""S"":""U""},{""S"":""G""}]","""Omo, Queen of Vesuva""","","2024-06-18T01:07:58.152Z","Tricky Terrain","6408b468-e0c1-70a5-43d2-7c6fba08aabc","precon","","","null","null","2024-06-18T01:07:58.152Z"
"4ffd376d-f117-4e49-a1cc-2af7dca06839","Deck","[{""S"":""B""},{""S"":""U""}]","""Tasha, the Witch Queen""","700","2024-09-28T21:07:15.211Z","Tasha's Hideous Laughter (WIP)","64189478-c031-7070-79c1-8afe9e6143f0","none","true","https://www.moxfield.com/decks/EAQzyArGZUyVLUjNjIl2ew","","","2024-10-03T04:07:19.731Z"
"49123e3c-f670-4765-a363-d5497ba22e4f","Deck","[{""S"":""W""},{""S"":""B""},{""S"":""G""}]","""Anafenza, the Foremost""","265.42","2024-05-17T20:00:57.969Z","KYS Cosmic","64989468-d081-705d-b3b5-ee33813fbefe","constructed","","https://www.moxfield.com/decks/IXJyalj5mE6berKqib_V6w","","","2024-05-17T20:00:57.969Z"
"c10d1191-3277-45eb-b9c5-4b3bbae2d3f7","Deck","[{""S"":""B""},{""S"":""R""}]","""Judith, the Scourge Diva""","299.97","2024-11-05T06:34:13.347Z","Rakdos Diva #1127 [RETIRED]","64189478-c031-7070-79c1-8afe9e6143f0","constructed","true","https://www.moxfield.com/decks/IP1GlT_zp0axQuIYqvN-Eg","","","2025-01-31T05:12:42.935Z"
"9f677278-944e-44a4-baa9-0930d5f7bac0","Deck","[{""S"":""B""},{""S"":""U""},{""S"":""G""}]","Zimone and Dina","25.67","2025-02-18T04:14:02.429Z","Zimone and Dina","c4a8a4f8-0081-706e-b81b-09be8c6a6318","05e144bc-397d-4033-80c0-420c6719d84c","false","https://moxfield.com/decks/Oo5bnRP120OemUPF3Xczxg","null","null","2025-02-18T04:14:02.429Z"
"eddd609d-2556-4463-912d-eff97e7b2850","Deck","[{""S"":""W""},{""S"":""B""},{""S"":""U""}]","""Aminatou, Veil Piercer""","","2024-09-23T22:28:09.549Z","miracle worker","6408b468-e0c1-70a5-43d2-7c6fba08aabc","precon","","","null","null","2024-09-23T22:28:09.549Z"
"c1cdcb57-92d5-4ef7-86db-0c8615333a39","Deck","[{""S"":""W""},{""S"":""U""}]","""Kotori, Pilot Prodigy""","","2024-05-19T16:23:26.068Z","Buckle Up","c41874c8-10b1-70d1-e212-e8e3afbec40b","precon","","","null","null","2024-05-19T16:23:26.068Z"
"15052fb2-340b-4a78-9a5b-6e62f56bfa49","Deck","[{""S"":""R""},{""S"":""G""}]","""Minsc & Boo, Timeless Heroes""","299.94","2024-06-05T18:45:40.805Z","Boo Boo Ass","64989468-d081-705d-b3b5-ee33813fbefe","constructed","","https://www.moxfield.com/decks/02FUPXEymU6SWe64JgPgpw","null","null","2024-06-05T18:45:40.805Z"
"bfd5093d-0f43-450e-87af-5d7b993246c0","Deck","[{""S"":""B""},{""S"":""U""},{""S"":""R""}]","""Davros, Dalek Creator""","","2024-09-07T14:31:34.329Z","Master of Evil","143864a8-b031-70b2-c7ca-d1875a01f229","precon","","https://www.moxfield.com/decks/4gxofFdLD0OQleQer2rVbg","null","null","2024-09-07T14:31:34.329Z"
"c56109f4-6c85-4600-9879-378a0e412eb7","Deck","[{""S"":""W""},{""S"":""G""}]","""Kutzil, Malamet Exemplar""","22.48","2025-02-18T00:07:53.754Z","Tempo Counting","14383488-90b1-709f-0498-f0d0b40467d4","05e144bc-397d-4033-80c0-420c6719d84c","false","https://archidekt.com/decks/11376849/budget_selesnya_counters","null","null","2025-02-18T00:07:53.754Z"
"bd7dfc29-6977-4fb4-baf8-b7e600bca5eb","Deck","[{""S"":""W""},{""S"":""B""},{""S"":""G""}]","The Necrobloom","1113.14","2024-10-17T02:01:01.201Z","Necrobloom Pile","c4a8a4f8-0081-706e-b81b-09be8c6a6318","none","false","https://www.moxfield.com/decks/g33ln7UDSUSWkHZY6A7QTg","null","null","2024-10-17T02:01:01.201Z"
"5181ba8a-6b5a-4603-be7f-78c47c5f44cc","Deck","[{""S"":""W""},{""S"":""R""},{""S"":""G""}]","""Havi, the All-Father""","298.12","2025-03-03T03:40:47.782Z","Learn from History","14383488-90b1-709f-0498-f0d0b40467d4","constructed","false","https://archidekt.com/decks/11641726","null","null","2025-03-03T03:40:47.782Z"
"1c5671c6-59fe-4329-9bfc-671e7e11b021","Deck","[{""S"":""W""},{""S"":""U""}]","""Brago, King Eternal""","296","2024-05-20T04:00:41.918Z","blink and I go infinite","c41874c8-10b1-70d1-e212-e8e3afbec40b","constructed","","https://www.moxfield.com/decks/1oLjBJOBbEuDCEk1axGH3g","","","2024-05-21T04:53:38.721Z"
"e58d63fa-bdf9-41b4-b104-5f11919ba422","Deck","[{""S"":""R""}]","""Rograkh, Son of Rohgahh""","","2025-02-27T02:07:13.445Z","Rog$on","64989468-d081-705d-b3b5-ee33813fbefe","05e144bc-397d-4033-80c0-420c6719d84c","false","https://moxfield.com/decks/H4amrkm5BEGp4BzEGyO8WQ","[{""S"":""W""}]","""Keleth, Sunmane Familiar""","2025-02-27T02:07:13.445Z"
"428adb2b-52fb-4b4c-a90d-f0e1e2f3e7c9","Deck","[{""S"":""G""}]","""Yeva, Nature's Herald""","296.62","2024-05-29T00:12:42.021Z","Yeva Get Ya Nuts Sucked?","64989468-d081-705d-b3b5-ee33813fbefe","constructed","","https://www.moxfield.com/decks/rbT3g7KpO06VQfRUZ4rKjg","null","null","2024-05-29T00:12:42.021Z"
"674ce127-cf09-4a8b-9692-37b014587a1b","Deck","[{""S"":""W""},{""S"":""U""},{""S"":""G""}]","""Galadriel, Light of Valinor""","528.18","2025-03-12T02:01:53.572Z","I Enter","5418b488-7011-70d3-8019-f8371fd77a96","none","false","https://moxfield.com/decks/DOhWhPmGnEGPiGFAcAvNsw","null","null","2025-03-12T02:01:53.572Z"
"f0051954-fd4b-407b-b1f4-a004aceee617","Deck","[{""S"":""B""},{""S"":""G""}]","The Mycotyrant","297","2024-11-05T00:18:55.256Z","Descending into Madness","c4a8a4f8-0081-706e-b81b-09be8c6a6318","constructed","false","https://www.moxfield.com/decks/1Qyo5M7WKkmNmEER1IcgQA","null","null","2024-11-05T00:18:55.256Z"
"cca70ec5-8b5b-4274-baba-b6006e7f55ab","Deck","[{""S"":""W""},{""S"":""U""}]","Elminster","149.22","2024-05-19T16:25:35.575Z","elminster scrybal","c41874c8-10b1-70d1-e212-e8e3afbec40b","constructed","","https://www.moxfield.com/decks/dqne7w_8xUOhgvjSe-ZVXg","null","null","2024-05-19T16:25:35.575Z"
"93cb40d1-9085-4745-ab0f-79e552f60e56","Deck","[{""S"":""G""}]","""Greensleeves, Maro-Sorcerer""","645","2025-01-28T03:22:13.723Z","Badgers Unranked","64189478-c031-7070-79c1-8afe9e6143f0","none","false","https://moxfield.com/decks/j5L5gsrtvEGwPU_9bGuiig","","","2025-01-30T18:44:41.165Z"
"8cb0d30b-6aad-4c7e-a2b1-ad78c467e5c2","Deck","[{""S"":""B""},{""S"":""G""}]","The Mycotyrant","22.08","2024-12-05T16:38:27.059Z","BG Mushroom Medley","c4a8a4f8-0081-706e-b81b-09be8c6a6318","05e144bc-397d-4033-80c0-420c6719d84c","false","https://www.moxfield.com/decks/1Qyo5M7WKkmNmEER1IcgQA","null","null","2024-12-05T16:38:27.059Z"
"2ba24060-6877-45c8-8469-e852ca089bc7","Deck","[{""S"":""R""}]","""Ojer Axonil, Deepest Might // Temple of Power""","288","2024-05-19T21:56:03.240Z","MONO RED BURN IN COMMANDER???","c41874c8-10b1-70d1-e212-e8e3afbec40b","constructed","","https://www.moxfield.com/decks/RdCHfPl8nkK8YUZqa8qpsw","null","null","2024-05-19T21:56:03.240Z"
"8b28519b-d9ea-4a78-aafc-2aa93247c8ef","Deck","[{""S"":""W""},{""S"":""U""}]","""Zethi, Arcane Blademaster""","298.74","2024-08-09T19:16:52.371Z","she do be kicking though","5418b488-7011-70d3-8019-f8371fd77a96","constructed","true","https://www.moxfield.com/decks/KfhzGW4890Gk_fpIAAHHKg","","","2024-10-08T02:00:39.745Z"
"7c54387a-1bc5-4886-88f6-0c1d5744524b","Deck","[{""S"":""B""},{""S"":""R""}]","""Valgavoth, Harrower of Souls""","146.47","2025-01-31T17:44:29.144Z","Harrower of Souls","c408e4e8-9071-705d-a9a5-3446814c84e3","constructed","false","https://moxfield.com/decks/owen-is-an-idiot","null","null","2025-01-31T17:44:29.144Z"
"34f78b14-b22a-4e8a-83d0-f1da9f20daee","Deck","[{""S"":""B""},{""S"":""U""},{""S"":""G""}]","The Wise Mothman","","2024-09-07T14:30:23.212Z","Mutant Menace","143864a8-b031-70b2-c7ca-d1875a01f229","precon","","https://www.moxfield.com/decks/EE44WgAwhUOI0XRfFQqolQ","null","null","2024-09-07T14:30:23.212Z"
"23e19657-9ffc-462f-81d4-1beb98337052","Deck","[{""S"":""W""},{""S"":""R""}]","The Jolly Balloon Man","151.13","2024-11-11T15:07:09.868Z","spooky clowns scare me!","143864a8-b031-70b2-c7ca-d1875a01f229","constructed","false","https://www.moxfield.com/decks/i8jqDuqIB0uL9-1-5T4ypQ","null","null","2024-11-11T15:07:09.868Z"
"46e2e2b7-d299-4cc7-b185-7b981f0245a5","Deck","[{""S"":""W""},{""S"":""B""}]","Nalia de'Arnise","","2024-09-07T14:48:40.233Z","Even Partier Time","c4a8a4f8-0081-706e-b81b-09be8c6a6318","precon","","","null","null","2024-09-07T14:49:45.965Z"
"e3edc986-a1fe-4787-98f4-dc9a85d4ccf6","Deck","[{""S"":""B""},{""S"":""U""},{""S"":""G""}]","""Muldrotha, the Gravetide""","295.96","2024-05-18T18:51:04.975Z","Time Recycler","54d81468-a081-700a-f2ff-ec4e51f98872","constructed","","https://www.moxfield.com/decks/iSUS8cstikWe_qe37erlYQ","","","2024-05-28T22:54:20.917Z"
"a2d9af61-c74b-4aba-b85e-c99e603bfa36","Deck","[{""S"":""W""},{""S"":""R""}]","""Akiri, Line-Slinger""","","2024-11-02T00:48:31.646Z","Hitting you with Artifacts","14383488-90b1-709f-0498-f0d0b40467d4","none","false","","[{""S"":""R""}]","""Kediss, Emberclaw Familiar""","2024-11-02T00:48:31.646Z"
"f1d3d4f7-f46d-44ad-ab10-ab0e6685efc9","Deck","[{""S"":""W""},{""S"":""B""},{""S"":""U""},{""S"":""R""},{""S"":""G""}]","""Codie, Vociferous Codex""","292.39","2024-05-18T01:49:43.548Z","Little Free Library","5418b488-7011-70d3-8019-f8371fd77a96","constructed","true","https://www.moxfield.com/decks/x7SW2cSS_EaDrpUlzW1q9A","","","2024-10-08T02:00:30.046Z"
"a36c6e8e-db11-4660-9b56-0dc01c101ab7","Deck","[{""S"":""W""},{""S"":""B""},{""S"":""U""}]","""Arna Kennerüd, Skycaptain""","295.82","2024-07-29T21:54:44.894Z","Kennerüd Crüe","5418b488-7011-70d3-8019-f8371fd77a96","constructed","","https://www.moxfield.com/decks/WZhCnkW1dEyfuUUqkF7HWA","","","2024-08-02T18:40:59.741Z"
"631dd081-e14a-430d-9cfc-94a45aa8391b","Deck","[{""S"":""B""},{""S"":""R""},{""S"":""G""}]","""Henzie """"Toolbox"""" Torre""","","2024-05-18T21:23:27.258Z","Toolbox","c4a8a4f8-0081-706e-b81b-09be8c6a6318","precon","","","null","null","2024-05-18T21:23:27.258Z"
"043d550e-210b-4df2-aabc-7330ea1b5a31","Deck","[{""S"":""B""},{""S"":""G""}]","Abomination of Llanowar","","2025-02-06T01:11:35.279Z","spooky cheap elves","143864a8-b031-70b2-c7ca-d1875a01f229","05e144bc-397d-4033-80c0-420c6719d84c","false","https://moxfield.com/decks/qrWNt8w1REqmrceEIJ0NPQ","null","null","2025-02-06T01:11:35.279Z"
"39c414c3-f640-4cb5-a778-382b6d5345c4","Deck","[{""S"":""W""},{""S"":""B""},{""S"":""U""},{""S"":""R""},{""S"":""G""}]","Child of Alara","273.47","2024-09-29T02:40:50.495Z","BABYQUEST","5418b488-7011-70d3-8019-f8371fd77a96","constructed","","https://www.moxfield.com/decks/ymshPazPeEGsMZywtt8zqw","null","null","2024-09-29T02:40:50.495Z"
"6d1f2b1b-c07f-4b0c-9a10-c8d9854c6592","Deck","[{""S"":""B""}]","""Burakos, Party Leader""","0","2024-05-18T15:38:41.930Z","Party Time","64189478-c031-7070-79c1-8afe9e6143f0","precon","false","https://www.moxfield.com/decks/RAReqtUV5EuA58I61iyjQA","[{""S"":""W""}]","Folk Hero","2024-10-12T04:05:08.059Z"
"0ecf7943-dc6a-45df-96ee-584cf1293c82","Deck","[{""S"":""B""},{""S"":""R""},{""S"":""G""}]","Slimefoot and Squee","293.25","2024-05-19T13:16:04.271Z","sliming on the foot till i squee","c41874c8-10b1-70d1-e212-e8e3afbec40b","constructed","","https://www.moxfield.com/decks/WhcXDFCwg020ixUSE5d_Jg","null","null","2024-05-19T13:16:04.271Z"
"7a5944ac-c6de-408b-9b79-7e35ab0b3ed0","Deck","[{""S"":""U""}]","""Braids, Conjurer Adept""","296.7","2024-07-26T19:00:33.731Z","braids's body shop","5418b488-7011-70d3-8019-f8371fd77a96","constructed","true","https://www.moxfield.com/decks/y-4WpMErRUuTwQxIitl7Tw","","","2024-10-08T02:00:27.946Z"
"0c596a42-23f4-4f4a-bfc6-eb2e9975895b","Deck","[{""S"":""W""},{""S"":""B""},{""S"":""R""}]","""Vihaan, Goldwaker""","31.25","2025-02-25T03:59:39.553Z","He's Been Here the Whole Time","5418b488-7011-70d3-8019-f8371fd77a96","05e144bc-397d-4033-80c0-420c6719d84c","false","https://moxfield.com/decks/6N67DbZ8F0yK_Ag0JJDvwg","null","null","2025-02-25T03:59:39.553Z"
"61ba27f3-4070-4c16-81c7-9df40c5741ce","Deck","[{""S"":""W""},{""S"":""B""},{""S"":""R""}]","""Isshin, Two Heavens as One""","293.08","2024-05-19T20:09:03.555Z","attacka *DOUBLE* attacka","c41874c8-10b1-70d1-e212-e8e3afbec40b","constructed","","https://www.moxfield.com/decks/_H3dJRgBQEGnDM4fdhAb1Q","null","null","2024-05-19T20:09:03.555Z"
"8af5a74c-e19e-49b8-af4c-76ab019b9bbc","Deck","[{""S"":""W""}]","""Odric, Lunarch Marshal""","297.8","2024-05-19T15:34:22.354Z","Odric-Angels and Humans","14383488-90b1-709f-0498-f0d0b40467d4","constructed","","https://archidekt.com/decks/6952409/odricangels_and_humans","","","2024-05-23T00:25:10.427Z"
"c90c9a33-f498-48f4-8b03-c9518a07460c","Deck","[{""S"":""U""},{""S"":""G""}]","""Aesi, Tyrant of Gyre Strait""","116","2024-05-26T19:43:15.551Z","""Land, Draw a Card""","c4a8a4f8-0081-706e-b81b-09be8c6a6318","constructed","true","https://www.moxfield.com/decks/bf7OIT4mDku5pAByvLzOLw","","","2024-10-07T21:52:11.703Z"
"7829297f-d117-4287-8440-69f5f4be2910","Deck","[{""S"":""B""},{""S"":""G""}]","Aveline de Grandpré","23.2","2025-02-17T22:34:54.711Z","Aveline Presents...The Bloodhound Gang","5418b488-7011-70d3-8019-f8371fd77a96","05e144bc-397d-4033-80c0-420c6719d84c","false","https://moxfield.com/decks/KnheamSn_UK5YejRvLznAg","null","null","2025-02-17T22:34:54.711Z"
"2fc706c1-fba0-49ff-af7c-843402cd9703","Deck","[{""S"":""U""},{""S"":""G""}]","""Grolnok, the Omnivore""","18.61","2025-02-06T17:08:33.915Z","mmm tasty cards","5418b488-7011-70d3-8019-f8371fd77a96","05e144bc-397d-4033-80c0-420c6719d84c","false","https://moxfield.com/decks/IwO8K89pAk699pqPBNMX6Q","null","null","2025-02-06T17:08:33.915Z"